NUMBER,FILENAME
1,$ operator is invalid for atomic vectors.en.md
2,%_% in r.en.md
3,1AR.png
4,81%-python list from 1 to n.en.md
5,83%-find position of character in string python.en.md
6,accessing the args array in powershell.en.md
7,accessor methods in java.en.md
8,add actionlistener to jbutton in java.en.md
9,add object to array in java.en.md
10,array pass by value or reference in java.en.md
11,arraylist to int array in java.en.md
12,as.numeric in r.en.md
13,askdirectory method in tkinter.en.md
14,assertions in ruby.en.md
15,associative array in java.en.md
16,bad operand type in java.en.md
17,biplot r.en.md
18,block comment in java.en.md
19,button_image.png
20,c read until end of file.en.md
21,calculate the r squared statistic in r.en.md
22,change colors in powershell.en.md
23,char vs string in java.en.md
24,check cpp version.en.md
25,check if a character is a number in java.en.md
26,check if int is null java.en.md
27,check if string contains numbers in java.en.md
28,check version of r.en.md
29,class expected java.en.md
30,class field and instance field in java.en.md
31,class names are only accepted if annotation processing is explicitly requested.en.md
32,class x is public should be declared in a file named x java- orig.en.md
33,class x is public should be declared in a file named x java.en.md
34,clear input buffer in cpp.en.md
35,command line arguments in powershell.en.md
36,comment out code in powershell.en.md
37,compare doubles in java.en.md
38,const at the end of function cpp.en.md
39,convert boolean to int in java.en.md
40,convert int to integer in java.en.md
41,convert list to arraylist java.en.md
42,convert outputstream to string in java.en.md
43,convert.bat
44,copy arraylist java.en.md
45,copy constructor of linked list in cpp.en.md
46,countdown timer java.en.md
47,cpp arrow vs dot.en.md
48,cpp copy const singly linked list.en.md
49,cpp expression must have class type.en.md
50,cpp find square root using babylonian method.en.md
51,cpp fix segmentation fault.en.md
52,cpp fork.en.md
53,cpp null undeclared error.en.md
54,cpp trig functions.en.md
55,create a 2d arraylist in java.en.md
56,create a guid in java.en.md
57,create a shortcut using powershell.en.md
58,cs countdown winforms.png
59,cs countdown wpf.png
60,cs inherit classes composition.png
61,cs inherit classes extension.png
62,cs inherit classes interface.png
63,cs popup console.png
64,cs popup messageclass.png
65,cs popup messagewpf.png
66,cs unique list distinct.png
67,cs unique list hashset.png
68,cs unique list inequality.png
69,cs unique list linq.png
70,cs-countdown-winforms.webp
71,cs-countdown-wpf.webp
72,cs-inherit-classes-composition.webp
73,cs-inherit-classes-extension.webp
74,cs-inherit-classes-interface.webp
75,cs-popup-console.webp
76,cs-popup-messageclass.webp
77,cs-popup-messagewpf.webp
78,cs-unique-list-distinct.webp
79,cs-unique-list-hashset.webp
80,cs-unique-list-inequality.webp
81,cs-unique-list-linq.webp
82,csharp countdown timer.en.md
83,csharp popup.en.md
84,csharp unique list.en.md
85,custom iterator java.en.md
86,dataclass to json in python.en.md
87,deallocate 2d array cpp.en.md
88,deck of cards cpp array.en.md
89,difference between & and && in java.en.md
90,difference between increment operators in java.en.md
91,difference between null and empty strings in java.en.md
92,difference between require and require_relative in ruby.en.md
93,display an image in java.en.md
94,distance between two points java.en.md
95,dot operator in java.en.md
96,double free or corruption cpp.en.md
97,double max value in  java.en.md
98,doubly linked list iterator cpp.en.md
99,drop multiple columns from a data frame using dplyr.en.md
100,dword cpp.en.md
101,enqueue and dequeue java.en.md
102,enum equals in java.en.md
103,enum inheritance java.en.md
104,exception in thread main java.util.nosuchelementexception no line found.en.md
105,exit a method in java.en.md
106,expandproperty powershell.en.md
107,export data to csv in powershell.en.md
108,extend two classes in java.en.md
109,fifo queue java.en.md
110,filelist_csv.py
111,files_list.csv
112,filter files and folders using powershell.en.md
113,garbage collection in cpp.en.md
114,generic linked list java.en.md
115,get class name - canonical.png
116,get class name - getclass.png
117,get class name - getname.png
118,get class name - simplename.png
119,get credential using powershell.en.md
120,get hostname in java.en.md
121,get logged on users using powershell.en.md
122,get only directories using get childitem.en.md
123,ggplot boxplot by group in r.en.md
124,ggplot custom legend in r.en.md
125,How to change the Tkinter Button text.en.md
126,How to check whether an array is null empty.en.md
127,How to Convert int to char in java.en.md
128,How to get keys from HashMap in Java.en.md
129,How to pass a function as a parameter in Java.en.md
130,How to print Hashmap in Java.en.md
131,html button with image.en.md
132,html space between buttons.en.md
133,html table image.en.md
134,inherit from multiple classes in csharp.en.md
135,initialize an array in constructor in java.en.md
136,initialize multiple variables java.en.md
137,int to byte in java.en.md
138,interpret the output of the system dot time function in r.en.md
139,invalid input exception java.en.md
140,invoke expressions using powershell.en.md
141,is a vs has a java.en.md
142,is c faster than cpp.en.md
143,iterate through enum java.en.md
144,java 2d array array with arraylists.png
145,java 2d array arraylist of array.png
146,java 2d array fixed.png
147,java 2d array nested.png
148,java access a variable from another class.en.md
149,java accessor mutator output.png
150,java alert popup.en.md
151,java and operators doubleand.png
152,java and operators singleand.png
153,java array apache.png
154,java array null null check.png
155,java array null stream.png
156,java arraylist get last element.en.md
157,java arraylist of ints.en.md
158,java arrow operator.en - orig.md
159,java arrow operator.en.md
160,java attribute modify output.png
161,java attribute output.png
162,java break out of for loop.en.md
163,java button click event.en.md
164,java byte to int.en.md
165,java char cannot be dereferenced.en.md
166,java char string convert to char.png
167,java char string convert to string.png
168,java char string make char.png
169,java char string make string.png
170,java check if number ascii.png
171,java check if number getType.png
172,java check if number isDigit.png
173,java check if number regex.png
174,java clear scanner.en.md
175,java compare doubles compare.png
176,java compare doubles equals.png
177,java compare doubles longbits.png
178,java compare doubles mathabs.png
179,java compare enums diff enums.png
180,java compare enums equals.png
181,java compare enums operator.png
182,java compare integer.en.md
183,java constant string.en.md
184,java convert bytes to unsigned bytes.en.md
185,java copy arraylist addAll.png
186,java copy arraylist clone.png
187,java copy arraylist collections.png
188,java copy arraylist constructor.png
189,java copy arraylist streams.png
190,java copy text to clipboard-orig.en.md
191,java copy text to clipboard.en.md
192,java dead code warning.en.md
193,java dele inheritance.png
194,java delegation composition.png
195,java distance bet two points 2d.png
196,java distance bet two points hypot.png
197,java distance bet two points plain.png
198,java distance bet two points sqrt and pow.png
199,java divide by zero exception.en.md
200,java empty constructor.en.md
201,Java end program.en.md
202,java enum to int.en.md
203,java exit method break.png
204,java exit method continue.png
205,java exit method return.png
206,java exit method sysexit.png
207,java fix class annon errors.png
208,java fix class annon output.png
209,java generic linkedlist custom.png
210,java generic linkedlist generic.png
211,java generic linkedlist inheritance.png
212,java get class name.en.md
213,java getactioncommand.en.md
214,java getcontentpane.en.md
215,java global var interface.png
216,java global var singleton.png
217,java global var static final.png
218,java global var static.png
219,java global variable.en.md
220,java guessing game 1 to 100 .en.md
221,java guid class.png
222,java guid concurrent.png
223,java guid secureclass.png
224,java guid securerandom.png
225,java how to close scanner.en.md
226,java image processing library.en.md
227,java infinity.en.md
228,java initialize array elements to zero.en.md
229,java instantiate means output.png
230,java int to char casting.png
231,java int to char string conversion.png
232,java int to char wrapper.png
233,java invalid method declaration return type required.en.md
234,java isa hasa composition.png
235,java isa hasa inheritance.png
236,java iterable to stream.en.md
237,java iterate enum api.png
238,java iterate enum enummap.png
239,java iterate enum enumset.png
240,java iterate enum iterator.png
241,java iterate enum loop.png
242,java iterate enum stream api.png
243,java iterate enum tradloop.png
244,java iterate to stream array.png
245,java iterate to stream builder.png
246,java iterate to stream streamsupport true.png
247,java key value pair.en.md
248,java keycode action.png
249,java keycode extended.png
250,java keycode getkeycode.png
251,java keycode.en.md
252,java lang noclassdeffounderror could not initialize class.en.md
253,java message box-orig.en.md
254,java message box.en.md
255,java not equals basic.png
256,java not equals loop.png
257,java not equals object.png
258,java not equals return.png
259,java not equals variable.png
260,java null and empty string both.png
261,java null and empty string empty.png
262,java null and empty string null.png
263,java orphaned case.en.md
264,java out loop break.png
265,java out loop labeled.png
266,java out loop return.png
267,java out loop throw.png
268,java package does not exist.en.md
269,java passed parameter anonymous inner.png
270,java passed parameter interface.png
271,java passed parameter java.util.png
272,java passed parameter method reference.png
273,java password account lock error.png
274,java password account lock output.png
275,java password complex.png
276,java password dictionary.png
277,java password expire.png
278,java password length.png
279,java password output.png
280,java password total error.png
281,java pi const bigdecimal.png
282,java pi const final.png
283,java pi const mathpi.png
284,java pi const strictmath.png
285,java prefix vs postfix.en.md
286,java prepostfix post.png
287,java prepostfix pre.png
288,java print file.en.md
289,java question mark colon.en.md
290,java queue offer vs add.en.md
291,java read file from classpath.en.md
292,java regex special charcters.en.md
293,java replace char char array.png
294,java replace char stringbuffer.png
295,java replace char stringbuilder.png
296,java replace char substring.png
297,java replace character in string at index.en.md
298,java scanner nextline skips.en.md
299,java setbounds.en.md
300,java split string by space.en.md
301,java split string regex.png
302,java split string scanner.png
303,java split string split.png
304,java split string tokenizer.png
305,java static nonstatic enum nonstatic.png
306,java static nonstatic enum static.png
307,java stream distinct by property.en.md
308,java stringbuilder clear.en.md
309,java struct array collections.png
310,java struct beans.png
311,java struct class.png
312,java struct hash.png
313,java temp conv output.png
314,java tic tac toe gui output.png
315,java unchecked cast.en.md
316,java update hashmap compute.png
317,java update hashmap merge.png
318,java update hashmap put.png
319,java update hashmap replace.png
320,java util date to java sql date.en.md
321,java value hashmap api.png
322,java value hashmap entryset.png
323,java value hashmap foreach.png
324,java value hashmap iterator.png
325,java value hashmap keyset.png
326,java-2d-array-array-with-arraylists.webp
327,java-2d-array-arraylist-of-array.webp
328,java-2d-array-fixed.webp
329,java-2d-array-nested.webp
330,java-accessor-mutator-output.webp
331,java-and-operators-doubleand.webp
332,java-and-operators-singleand.webp
333,java-array-apache.webp
334,java-array-null-null-check.webp
335,java-array-null-stream.webp
336,java-attribute-modify-output.webp
337,java-attribute-output.webp
338,java-char-string-convert-to-char.webp
339,java-char-string-convert-to-string.webp
340,java-char-string-make-char.webp
341,java-char-string-make-string.webp
342,java-check-if-number-ascii.webp
343,java-check-if-number-getType.webp
344,java-check-if-number-isDigit.webp
345,java-check-if-number-regex.webp
346,java-compare-doubles-compare.webp
347,java-compare-doubles-equals.webp
348,java-compare-doubles-longbits.webp
349,java-compare-doubles-mathabs.webp
350,java-compare-enums-diff-enums.webp
351,java-compare-enums-equals.webp
352,java-compare-enums-operator.webp
353,java-copy-arraylist-addAll.webp
354,java-copy-arraylist-clone.webp
355,java-copy-arraylist-collections.webp
356,java-copy-arraylist-constructor.webp
357,java-copy-arraylist-streams.webp
358,java-dele-inheritance.webp
359,java-delegation-composition.webp
360,java-distance-bet-two-points-2d.webp
361,java-distance-bet-two-points-hypot.webp
362,java-distance-bet-two-points-plain.webp
363,java-distance-bet-two-points-sqrt-and-pow.webp
364,java-exit-method-break.webp
365,java-exit-method-continue.webp
366,java-exit-method-return.webp
367,java-exit-method-sysexit.webp
368,java-fix-class-annon-errors.webp
369,java-fix-class-annon-output.webp
370,java-generic-linkedlist-custom.webp
371,java-generic-linkedlist-generic.webp
372,java-generic-linkedlist-inheritance.webp
373,java-global-var-interface.webp
374,java-global-var-singleton.webp
375,java-global-var-static-final.webp
376,java-global-var-static.webp
377,java-guid-class.webp
378,java-guid-concurrent.webp
379,java-guid-secureclass.webp
380,java-guid-securerandom.webp
381,java-instantiate-means-output.webp
382,java-int-to-char-casting.webp
383,java-int-to-char-string-conversion.webp
384,java-int-to-char-wrapper.webp
385,java-isa-hasa-composition.webp
386,java-isa-hasa-inheritance.webp
387,java-iterate-enum-enummap.webp
388,java-iterate-enum-enumset.webp
389,java-iterate-enum-iterator.webp
390,java-iterate-enum-loop.webp
391,java-iterate-enum-stream-api.webp
392,java-iterate-enum-tradloop.webp
393,java-iterate-to-stream-array.webp
394,java-iterate-to-stream-builder.webp
395,java-iterate-to-stream-streamsupport-true.webp
396,java-keycode-action.webp
397,java-keycode-extended.webp
398,java-keycode-getkeycode.webp
399,java-not-equals-basic.webp
400,java-not-equals-loop.webp
401,java-not-equals-object.webp
402,java-not-equals-return.webp
403,java-not-equals-variable.webp
404,java-null-and-empty-string-both.webp
405,java-null-and-empty-string-empty.webp
406,java-null-and-empty-string-null.webp
407,java-out-loop-break.webp
408,java-out-loop-labeled.webp
409,java-out-loop-return.webp
410,java-out-loop-throw.webp
411,java-passed-parameter-anonymous-inner.webp
412,java-passed-parameter-interface.webp
413,java-passed-parameter-java.util.webp
414,java-passed-parameter-method-reference.webp
415,java-password-account-lock-error.webp
416,java-password-account-lock-output.webp
417,java-password-complex.webp
418,java-password-dictionary.webp
419,java-password-expire.webp
420,java-password-length.webp
421,java-password-output.webp
422,java-password-total-error.webp
423,java-pi-const-bigdecimal.webp
424,java-pi-const-final.webp
425,java-pi-const-mathpi.webp
426,java-pi-const-strictmath.webp
427,java-prepostfix-post.webp
428,java-prepostfix-pre.webp
429,java-replace-char-char-array.webp
430,java-replace-char-stringbuffer.webp
431,java-replace-char-stringbuilder.webp
432,java-replace-char-substring.webp
433,java-split-string-regex.webp
434,java-split-string-scanner.webp
435,java-split-string-split.webp
436,java-split-string-tokenizer.webp
437,java-static-nonstatic-enum-nonstatic.webp
438,java-static-nonstatic-enum-static.webp
439,java-struct-array-collections.webp
440,java-struct-beans.webp
441,java-struct-class.webp
442,java-struct-hash.webp
443,java-temp-conv-output.webp
444,java-tic-tac-toe-gui-output.webp
445,java-update-hashmap-compute.webp
446,java-update-hashmap-merge.webp
447,java-update-hashmap-put.webp
448,java-update-hashmap-replace.webp
449,java-value-hashmap-api.webp
450,java-value-hashmap-entryset.webp
451,java-value-hashmap-foreach.webp
452,java-value-hashmap-iterator.webp
453,java-value-hashmap-keyset.webp
454,javac cannot find symbol.en.md
455,javafx background image.en.md
456,javafx display text.en.md
457,javafx gridpane alignment.en.md
458,javafx popup.en.md
459,javafx rotate text combi.png
460,javafx rotate text pivot.png
461,javafx rotate text property.png
462,javafx rotate text transformation.png
463,javafx text rotate.en.md
464,javafx transparent background.en.md
465,javafx-rotate-text-combi.webp
466,javafx-rotate-text-pivot.webp
467,javafx-rotate-text-property.webp
468,javafx-rotate-text-transformation.webp
469,javascript add to string.en.md
470,javascript change image on hover.en.md
471,javascript if not null.en.md
472,js checkvar null doble eqop.png
473,js checkvar null guard.png
474,js checkvar null loose.png
475,js checkvar null strict.png
476,js checkvar null ternary.png
477,js checkvar null typeof.png
478,js-checkvar-null-doble-eqop.webp
479,js-checkvar-null-guard.webp
480,js-checkvar-null-loose.webp
481,js-checkvar-null-strict.webp
482,js-checkvar-null-ternary.webp
483,js-checkvar-null-typeof.webp
484,list of arrays in java.en.md
485,long vs int java.en.md
486,miliseconds to seconds java.en.md
487,mod of negative numbers in java.en.md
488,moving files and folders using powershell.en.md
489,multiple classes in a single file java.en.md
490,multiple foreground colors in powershell in one command.en.md
491,nested arraylists java.en.md
492,not equals java.en.md
493,Olivar - Internet Speed Test.png
494,Olivar - IQ Test.pdf
495,Olivar - OpenSource Psychometrics Project Results.pdf
496,opencv shape detection.en.md
497,pass pointer by reference in cpp.en.md
498,password checker java.en.md
499,pch in r.en.md
500,performe awk commands in powershell.en.md
501,php day week daystrtime func.png
502,php day week strtime func.png
503,php get day of week.en.md
504,php-day-week-daystrtime-func.webp
505,php-day-week-strtime-func.webp
506,pi in java.en.md
507,polynomial regression in r.en.md
508,position of character in string.en.md
509,powershell 7zip.en.md
510,powershell alias with parameters.en.md
511,powershell byte array.en.md
512,powershell cmdletbinding.en.md
513,powershell compare folders.en.md
514,powershell contains operator.en.md
515,powershell copy folder.en.md
516,powershell create registry key.en.md
517,powershell delete file if exists.en.md
518,powershell delete folder.en.md
519,powershell executionpolicy bypass vs unrestricted.en.md
520,powershell export to text.en.md
521,powershell function parameters.en.md
522,powershell get current user.en.md
523,powershell get folder size including subfolders.en.md
524,powershell get ip address from hostname.en.md
525,powershell get service remote computer.en.md
526,powershell lastwritetime.en.md
527,powershell list modules.en.md
528,powershell message box.en.md
529,powershell multiline string.en.md
530,powershell noexit.en.md
531,powershell ping script.en.md
532,powershell run exe.en.md
533,powershell screenshot.en.md
534,powershell time command.en.md
535,powershell timezoneinfo.en.md
536,print a table in java.en.md
537,print file contents - bufferedreader.png
538,print file contents - file and path.png
539,print file contents - filedatainputstream.png
540,print file contents - scanner.png
541,print object in java.en.md
542,print table - formatter.png
543,print table - printout.png
544,print table - printstream.png
545,print table - stringbuilder.png
546,ps awk foreach.png
547,ps awk grouppobject.png
548,ps awk measureobject.png
549,ps awk outfile.png
550,ps awk selectstring.png
551,ps awk sortobject.png
552,ps awk whereobject.png
553,ps byte array asciigetbytes.png
554,ps byte array binaryreader.png
555,ps byte array getcontent.png
556,ps byte array systemio.png
557,ps compare folders compareobject.png
558,ps compare folders getchildren.png
559,ps compare folders robocopy.png
560,ps directory childitem attributes.png
561,ps directory childitem combining.png
562,ps directory childitem directory.png
563,ps directory childitem getdirectories.png
564,ps directory childitem PSIsContainer.png
565,ps export csv converttocsv.png
566,ps export csv exportcsv.png
567,ps export csv outfile custom.png
568,ps filter files folders combining files.png
569,ps filter files folders directory.png
570,ps filter files folders ext.png
571,ps filter files folders inside folder.png
572,ps filter files folders lastwritetime.png
573,ps filter files folders name.png
574,ps filter files folders size.png
575,ps get credential getcredential output.png
576,ps get credential getcredential.png
577,ps get credential hardcoded.png
578,ps get credential integrated.png
579,ps get credential param.png
580,ps get credential secure and retrieve.png
581,ps getservice remotecomp get service.png
582,ps getservice remotecomp wmi.png
583,ps move files folder copyremove.png
584,ps move files folder dest folder.png
585,ps move files folder moveitem.png
586,ps ping output csv.png
587,ps shortcut new manual.png
588,ps shortcut new object.png
589,ps size of folder getchilditem.png
590,ps size of folder system.png
591,ps split directory net.png
592,ps split directory splitpath.png
593,ps split directory string.png
594,ps-awk-foreach.webp
595,ps-awk-grouppobject.webp
596,ps-awk-measureobject.webp
597,ps-awk-outfile.webp
598,ps-awk-selectstring.webp
599,ps-awk-sortobject.webp
600,ps-awk-whereobject.webp
601,ps-byte-array-asciigetbytes.webp
602,ps-byte-array-binaryreader.webp
603,ps-byte-array-getcontent.webp
604,ps-byte-array-systemio.webp
605,ps-compare-folders-compareobject.webp
606,ps-compare-folders-getchildren.webp
607,ps-compare-folders-robocopy.webp
608,ps-directory-childitem-attributes.webp
609,ps-directory-childitem-combining.webp
610,ps-directory-childitem-directory.webp
611,ps-directory-childitem-getdirectories.webp
612,ps-directory-childitem-PSIsContainer.webp
613,ps-export-csv-converttocsv.webp
614,ps-export-csv-exportcsv.webp
615,ps-export-csv-outfile-custom.webp
616,ps-filter-files-folders-combining-files.webp
617,ps-filter-files-folders-directory.webp
618,ps-filter-files-folders-ext.webp
619,ps-filter-files-folders-inside-folder.webp
620,ps-filter-files-folders-lastwritetime.webp
621,ps-filter-files-folders-name.webp
622,ps-filter-files-folders-size.webp
623,ps-get-credential-getcredential-output.webp
624,ps-get-credential-getcredential.webp
625,ps-get-credential-hardcoded.webp
626,ps-get-credential-integrated.webp
627,ps-get-credential-param.webp
628,ps-get-credential-secure-and-retrieve.webp
629,ps-getservice-remotecomp-get-service.webp
630,ps-getservice-remotecomp-wmi.webp
631,ps-move-files-folder-copyremove.webp
632,ps-move-files-folder-dest-folder.webp
633,ps-move-files-folder-moveitem.webp
634,ps-ping-output-csv.webp
635,ps-shortcut-new-manual.webp
636,ps-shortcut-new-object.webp
637,ps-size-of-folder-getchilditem.webp
638,ps-size-of-folder-system.webp
639,ps-split-directory-net.webp
640,ps-split-directory-splitpath.webp
641,ps-split-directory-string.webp
642,python attributeerror __enter__.en.md
643,python lambda multiple args.en.md
644,python list from 1 to n.en.md
645,python mock class attribute.en.md
646,python permissionerror winerror 5 access is denied.en.md
647,python rethrow exception.en.md
648,python threading return value.en.md
649,qmark colon - nested.png
650,qmark colon - output.png
651,r clear console.en.md
652,r clear memory.en.md
653,"r filter multiple conditions, dplyr filter multiple conditions.en.md"
654,r multiline comment.en.md
655,r remove the first character from a string.en.md
656,reach end of file in java- orig.en.md
657,reach end of file in java.en.md
658,redirect the output of a powershell to a file during its execution.en.md
659,remove user defined objects from the workspace in r.en.md
660,rename computer and join to domain with powershell.en.md
661,repaint method in java.en.md
662,replace space with 20 java.en.md
663,resize image css.en.md
664,return value in powershell.en.md
665,reverse complement a dna strand using python.en.md
666,revised-askdirectory method in tkinter.en.md
667,revised-display an image in java.en.md
668,revised-How to change the Tkinter Button text.en.md
669,revised-java button click event.en.md
670,revised-java byte to int.en.md
671,revised-java clear scanner.en.md
672,revised-java how to close scanner.en.md
673,revised-javafx display text.en.md
674,revised-javafx gridpane alignment.en.md
675,revised-javascript change image on hover.en.md
676,revised-setalignment javafx.en.md
677,revised-setfont java.en.md
678,revised2-askdirectory method in tkinter.en.md
679,revised2-javafx gridpane alignment.en.md
680,revised2-setalignment javafx.en.md
681,revised2-setfont java.en.md
682,revised3-display an image in java.en.md
683,revised3-How to change the Tkinter Button text.en.md
684,revised3-javafx display text.en.md
685,revised3-javafx gridpane alignment.en.md
686,revised3-javascript change image on hover.en.md
687,revised3-setalignment javafx.en.md
688,revised3-setfont java.en.md
689,revised3java button click event.en.md
690,rotate axis labels in r.en.md
691,ruby continue keyword.en.md
692,ruby create file.en.md
693,ruby each with index.en.md
694,ruby generate random number.en.md
695,ruby object inheritance.en.md
696,ruby rename file.en.md
697,ruby require vs include.en.md
698,ruby sleep.en.md
699,ruby to_sym.en.md
700,ruby try catch.en.md
701,ruby what does w mean.en.md
702,ruby write multi-line string.en.md
703,ruby write to csv.en.md
704,scale_color_discrete in r.en.md
705,scale_x_discrete in r.en.md
706,script.ps1
707,sentinel value java.en.md
708,set acl recursive.en.md
709,set color java.en.md
710,setalignment javafx.en.md
711,setfont java.en.md
712,sort a list alphabetically in java.en.md
713,sort an array in java without using sort method.en.md
714,split directory path powershell.en.md
715,square a number in ruby.en.md
716,start processes in windows powershell.en.md
717,static enum java.en.md
718,string insert string.en (1).md
719,string insert string.en.md
720,structs in java.en.md
721,substitute for inheritance java.en.md
722,temperature converter java.en.md
723,test variable data type using powershell.en.md
724,testtask.py
725,TestTask_Olivar.md
726,throw exceptions with message in cpp.en.md
727,tic tac toe java gui.en.md
728,unreported exception ioexception must be caught or declared to be thrown.en.md
729,update value in hashmap java.en.md
730,use a vectorized if function with multiple conditions in r.en.md
731,use credential manager in powershell.en.md
732,use enum in ruby.en.md
733,use ruby inject method.en.md
734,using global variables in powershell.en.md
735,void function in cpp.en.md
736,w2.1.png
737,w2.2.png
738,w2.3.png
739,wait for each command to finish in powershell.en.md
740,what does instantiate mean in java.en.md
741,what is an attribute in java.en.md
742,where object command in powershell.en.md
743,WinMerge-2.16.34-x64-Setup.exe
744,write output in powershell.en.md
745,write to file in ruby.en.md
746,write-verbose vs write-host in powershell.en.md
747,ylim xlim in r.en.md
